driver,quali_delta_s,quali_se_s,quali_n
ALB,0.0,0.0,19
SAI,0.0,0.0,13
RUS,0.0,0.0,15
PIA,0.0,0.0,23
OCO,0.0,0.0,21
NOR,0.0,0.0,22
LEC,0.0,0.0,27
LAW,0.0,3.074457369793259e+18,10
TSU,0.0,0.0,15
HUL,0.0,0.0,18
HAD,0.0,0.0,21
GAS,0.0,3.074457369840592e+18,7
COL,0.0,0.0,11
BOR,0.0,0.0,11
BEA,0.0,0.0,19
ANT,0.0,0.0,9
ALO,0.0,3.074457369550925e+18,7
HAM,0.0,0.0,27
VER,0.0,0.0,12
STR,9.223372110175777e+18,8793730064.338139,5
